<?xml version="1.0" encoding="UTF-8"?>
<project-private xmlns="http://www.netbeans.org/ns/project-private/1">
    <editor-bookmarks xmlns="http://www.netbeans.org/ns/editor-bookmarks/2" lastBookmarkId="0"/>
    <open-files xmlns="http://www.netbeans.org/ns/projectui-open-files/2">
        <group>
            <file>file:/home/sean/PokerCards/Poker/SeanPoker/src/seanpoker/Score.java</file>
            <file>file:/home/sean/PokerCards/Poker/SeanPoker/src/seanpoker/SeanPoker.java</file>
            <file>file:/home/sean/PokerCards/Poker/SeanPoker/src/seanpoker/analyze/PokerHandAnalyzer.java</file>
            <file>file:/home/sean/PokerCards/Poker/SeanPoker/src/seanpoker/Card.java</file>
        </group>
    </open-files>
</project-private>
